{"cameraMode":{"drawMode":0,"name":"Shaded","section":"Shading Mode"},"sceneLighting":false,"audioPlay":false,"sceneViewState":{"m_AlwaysRefresh":false,"showFog":true,"showSkybox":false,"showFlares":true,"showImageEffects":true,"showParticleSystems":true,"showVisualEffectGraphs":true,"m_FxEnabled":true},"in2DMode":false,"pivot":{"x":-2.8178722858428957,"y":3.5364229679107668,"z":-13.807920455932618},"rotation":{"x":0.4065309166908264,"y":-0.021836578845977784,"z":0.012359857559204102,"w":0.9141460657119751},"size":0.11058075726032257,"orthographic":false}