{"cameraMode":{"drawMode":0,"name":"Shaded","section":"Shading Mode"},"sceneLighting":false,"audioPlay":false,"sceneViewState":{"m_AlwaysRefresh":false,"showFog":true,"showSkybox":false,"showFlares":true,"showImageEffects":true,"showParticleSystems":true,"showVisualEffectGraphs":true,"m_FxEnabled":true},"in2DMode":false,"pivot":{"x":0.10319926589727402,"y":0.23493064939975739,"z":-0.5202212929725647},"rotation":{"x":-0.22500336170196534,"y":-0.038697779178619388,"z":0.005530812311917543,"w":-0.9743971228599548},"size":0.24389444291591645,"orthographic":false}