{"cameraMode":{"drawMode":0,"name":"Shaded","section":"Shading Mode"},"sceneLighting":false,"audioPlay":false,"sceneViewState":{"m_AlwaysRefresh":false,"showFog":true,"showSkybox":false,"showFlares":true,"showImageEffects":true,"showParticleSystems":true,"showVisualEffectGraphs":true,"m_FxEnabled":true},"in2DMode":false,"pivot":{"x":0.13968047499656678,"y":0.10929638147354126,"z":-0.001305699348449707},"rotation":{"x":-0.34004586935043337,"y":0.05119428411126137,"z":-0.02189573086798191,"w":-0.9396185278892517},"size":0.30121535062789919,"orthographic":false}